"NOSUCH.website23459842342.com",60
"fonts.googleapis.com",195,"fonts"
"facebook.com",102,"html"
"twitter.com",85,"x.com"
"google.com",195,"lucky"
"youtube.com",97
"s.w.org",142
"instagram.com",275
"googletagmanager.com",56
"linkedin.com",169
"ajax.googleapis.com",145
"plus.google.com",252
"gmpg.org",136
"pinterest.com",241
"fonts.gstatic.com",13
"wordpress.org",134
"en.wikipedia.org",47
"youtu.be",79
"maps.google.com",57
"itunes.apple.com",145
"github.com",37
"bit.ly",100,"stuffing nonflammable"
"play.google.com",162
"goo.gl",64
"docs.google.com",295,"tracker spy"
"cdnjs.cloudflare.com",250,"helpers healthiest"
"vimeo.com",125
"support.google.com",280
"google-analytics.com",239
"maps.googleapis.com",217
"flickr.com",264
"vk.com",169
"t.co",89
"reddit.com",67
"amazon.com",226
"medium.com",256,"Mameluke expansionist"
"sites.google.com",136
"drive.google.com",69
"creativecommons.org",232
"microsoft.com",164,"conspirators Bowers's"
"developers.google.com",233
"adobe.com",54
"soundcloud.com",117
"theguardian.com",70
"apis.google.com",291
"ec.europa.eu",102
"lh3.googleusercontent.com",199
"chrome.google.com",38
"cloudflare.com",154
"nytimes.com",228
"maxcdn.bootstrapcdn.com",156
"support.microsoft.com",163
"blogger.com",29
"forbes.com",18
"s3.amazonaws.com",222
"code.jquery.com",296
"dropbox.com",263
"translate.google.com",47
"paypal.com",277
"apps.apple.com",179
"tinyurl.com",236
"etsy.com",218
"theatlantic.com",48
"m.facebook.com",297
"archive.org",257
"amzn.to",270
"cnn.com",254
"policies.google.com",70
"commons.wikimedia.org",16
"issuu.com",186,"dog's hairsprings"
"i.imgur.com",230
"wordpress.com",221
"wp.me",235
"businessinsider.com",24
"yelp.com",286
"mail.google.com",226
"support.apple.com",98,"diamonds rattletrap"
"t.me",163
"apple.com",237
"washingtonpost.com",224
"bbc.com",68,"Garcia's predominance's"
"gstatic.com",93,"Hellenistic's Carmella's"
"imgur.com",88
"amazon.de",92
"bbc.co.uk",106
"googleads.g.doubleclick.net",282
"mozilla.org",66,"defending pantyhose"
"eventbrite.com",46
"slideshare.net",30,"vim hurrah"
"w3.org",20
"forms.gle",220,"robs stoical"
"platform.twitter.com",238
"accounts.google.com",233
"telegraph.co.uk",240
"messenger.com",236,"mop's devour"
"web.archive.org",168,"levied Mahavira's"
"secure.gravatar.com",187
"usatoday.com",190
"huffingtonpost.com",233
"stackoverflow.com",198
"fb.com",53
