NOSUCH.website23459842342.com,60
fonts.googleapis.com,195,"fonts"
www.facebook.com,102,"html"
www.twitter.com,85,"x.com"
www.google.com,195,"lucky"
www.youtube.com,97
s.w.org,142
www.instagram.com,275
www.googletagmanager.com,56
www.linkedin.com,169
ajax.googleapis.com,145
plus.google.com,252
www.gmpg.org,136
www.pinterest.com,241
fonts.gstatic.com,13
www.wordpress.org,134
en.wikipedia.org,47
youtu.be,79
maps.google.com,57
itunes.apple.com,145
www.github.com,37
bit.ly,100,"stuffing nonflammable"
play.google.com,162
www.goo.gl,64
docs.google.com,295,"tracker spy"
cdnjs.cloudflare.com,250,"helpers healthiest"
www.vimeo.com,125
support.google.com,280
www.google-analytics.com,239
maps.googleapis.com,217
www.flickr.com,264
www.vk.com,169
t.co,89
www.reddit.com,67
www.amazon.com,226
www.medium.com,256,"Mameluke expansionist"
sites.google.com,136
drive.google.com,69
www.creativecommons.org,232
www.microsoft.com,164,"conspirators Bowers's"
developers.google.com,233
www.adobe.com,54
www.soundcloud.com,117
www.theguardian.com,70
apis.google.com,291
ec.europa.eu,102
lh3.googleusercontent.com,199
chrome.google.com,38
www.cloudflare.com,154
www.nytimes.com,228
maxcdn.bootstrapcdn.com,156
support.microsoft.com,163
www.blogger.com,29
www.forbes.com,18
s3.amazonaws.com,222
code.jquery.com,296
www.dropbox.com,263
translate.google.com,47
www.paypal.com,277
apps.apple.com,179
www.tinyurl.com,236
www.etsy.com,218
www.theatlantic.com,48
m.facebook.com,297
www.archive.org,257
amzn.to,270
www.cnn.com,254
policies.google.com,70
commons.wikimedia.org,16
www.issuu.com,186,"dog's hairsprings"
i.imgur.com,230
www.wordpress.com,221
www.wp.me,235
www.businessinsider.com,24
www.yelp.com,286
mail.google.com,226
support.apple.com,98,"diamonds rattletrap"
www.t.me,163
www.apple.com,237
www.washingtonpost.com,224
www.bbc.com,68,"Garcia's predominance's"
www.gstatic.com,93,"Hellenistic's Carmella's"
www.imgur.com,88
www.amazon.de,92
bbc.co.uk,106
googleads.g.doubleclick.net,282
www.mozilla.org,66,"defending pantyhose"
www.eventbrite.com,46
www.slideshare.net,30,"vim hurrah"
www.w3.org,20
forms.gle,220,"robs stoical"
platform.twitter.com,238
accounts.google.com,233
telegraph.co.uk,240
www.messenger.com,236,"mop's devour"
web.archive.org,168,"levied Mahavira's"
secure.gravatar.com,187
www.usatoday.com,190
www.huffingtonpost.com,233
www.stackoverflow.com,198
www.fb.com,53
